{
  "summary": { "distance": 2956, "duration": 2661, "routeLength": 9 },
  "route": [
    {
      "x": 127.0490104,
      "y": 37.5045298,
      "direction": "-24.9",
      "description": "직진",
      "distance": 0,
      "duration": 0,
      "pathLength": 0,
      "pathX": [],
      "pathY": []
    },
    {
      "x": 127.0490116,
      "y": 37.5045307,
      "direction": "-25.4",
      "description": "선릉역 8번 출구",
      "distance": 65,
      "duration": 59,
      "pathLength": 5,
      "pathX": ["37.5045307", "37.5047575", "37.5047940", "37.5049776", "37.5049964"],
      "pathY": ["127.0490116", "127.0489050", "127.0490417", "127.0489580", "127.0489216"]
    },
    {
      "x": 127.0489216,
      "y": 37.5049964,
      "direction": "-26.7",
      "description": "직진",
      "distance": 2247,
      "duration": 2023,
      "pathLength": 94,
      "pathX": [
        "37.5049964",
        "37.5052438",
        "37.5055830",
        "37.5056352",
        "37.5056801",
        "37.5057215",
        "37.5058772",
        "37.5060247",
        "37.5064803",
        "37.5066518",
        "37.5067827",
        "37.5069269",
        "37.5070658",
        "37.5071052",
        "37.5071831",
        "37.5079686",
        "37.5080296",
        "37.5081381",
        "37.5083074",
        "37.5084024",
        "37.5085658",
        "37.5087131",
        "37.5087715",
        "37.5089691",
        "37.5092911",
        "37.5096268",
        "37.5098050",
        "37.5101245",
        "37.5101687",
        "37.5101858",
        "37.5102102",
        "37.5102302",
        "37.5103328",
        "37.5104831",
        "37.5104803",
        "37.5104775",
        "37.5104801",
        "37.5104882",
        "37.5105052",
        "37.5105214",
        "37.5110660",
        "37.5115772",
        "37.5124080",
        "37.5124997",
        "37.5128993",
        "37.5136968",
        "37.5140965",
        "37.5141712",
        "37.5143242",
        "37.5151081",
        "37.5151549",
        "37.5152188",
        "37.5152746",
        "37.5157022",
        "37.5160802",
        "37.5161801",
        "37.5164826",
        "37.5165159",
        "37.5165825",
        "37.5170469",
        "37.5170803",
        "37.5170938",
        "37.5171074",
        "37.5171137",
        "37.5171273",
        "37.5172524",
        "37.5173801",
        "37.5173962",
        "37.5174052",
        "37.5174240",
        "37.5174303",
        "37.5174438",
        "37.5176302",
        "37.5178912",
        "37.5179497",
        "37.5179884",
        "37.5183825",
        "37.5186940",
        "37.5188605",
        "37.5192160",
        "37.5193330",
        "37.5206191",
        "37.5208018",
        "37.5212384",
        "37.5216578",
        "37.5216965",
        "37.5217442",
        "37.5218243",
        "37.5229270",
        "37.5229495",
        "37.5229775",
        "37.5230047",
        "37.5230302",
        "37.5230384"
      ],
      "pathY": [
        "127.0489216",
        "127.0487991",
        "127.0486387",
        "127.0486101",
        "127.0485860",
        "127.0485688",
        "127.0484943",
        "127.0484131",
        "127.0480381",
        "127.0478662",
        "127.0476969",
        "127.0474573",
        "127.0472414",
        "127.0471688",
        "127.0470495",
        "127.0457436",
        "127.0456629",
        "127.0455185",
        "127.0452437",
        "127.0451130",
        "127.0449355",
        "127.0448000",
        "127.0447385",
        "127.0445744",
        "127.0443823",
        "127.0442490",
        "127.0441936",
        "127.0440638",
        "127.0440715",
        "127.0440770",
        "127.0440961",
        "127.0441356",
        "127.0440999",
        "127.0440322",
        "127.0440017",
        "127.0439802",
        "127.0439553",
        "127.0439406",
        "127.0439269",
        "127.0439166",
        "127.0437130",
        "127.0435187",
        "127.0432160",
        "127.0431747",
        "127.0430139",
        "127.0427193",
        "127.0425913",
        "127.0425603",
        "127.0425050",
        "127.0422049",
        "127.0421888",
        "127.0421658",
        "127.0421462",
        "127.0419942",
        "127.0418437",
        "127.0418102",
        "127.0417054",
        "127.0416939",
        "127.0416742",
        "127.0414994",
        "127.0415049",
        "127.0415104",
        "127.0415194",
        "127.0415295",
        "127.0415521",
        "127.0414914",
        "127.0414329",
        "127.0413999",
        "127.0413795",
        "127.0413636",
        "127.0413601",
        "127.0413521",
        "127.0412854",
        "127.0411910",
        "127.0411634",
        "127.0411462",
        "127.0409911",
        "127.0408771",
        "127.0408139",
        "127.0406714",
        "127.0406299",
        "127.0401433",
        "127.0400800",
        "127.0399166",
        "127.0397658",
        "127.0397519",
        "127.0397381",
        "127.0397104",
        "127.0393189",
        "127.0393221",
        "127.0393435",
        "127.0393750",
        "127.0394269",
        "127.0394687"
      ]
    },
    {
      "x": 127.0394687,
      "y": 37.5230384,
      "direction": "-8.9",
      "description": "KEB하나은행 학동지점에서 횡단보도 건너기",
      "distance": 51,
      "duration": 46,
      "pathLength": 3,
      "pathX": ["37.5230384", "37.5231997", "37.5234915"],
      "pathY": ["127.0394687", "127.0394439", "127.0393878"]
    },
    {
      "x": 127.0393878,
      "y": 37.5234915,
      "direction": "-19.7",
      "description": "직진",
      "distance": 490,
      "duration": 441,
      "pathLength": 28,
      "pathX": [
        "37.5234915",
        "37.5235157",
        "37.5235382",
        "37.5235526",
        "37.5235661",
        "37.5236274",
        "37.5237665",
        "37.5239994",
        "37.5240437",
        "37.5241105",
        "37.5246105",
        "37.5247657",
        "37.5251827",
        "37.5254020",
        "37.5256881",
        "37.5257243",
        "37.5257775",
        "37.5258353",
        "37.5263824",
        "37.5265159",
        "37.5268851",
        "37.5271017",
        "37.5273436",
        "37.5274962",
        "37.5275801",
        "37.5276101",
        "37.5276130",
        "37.5276132"
      ],
      "pathY": [
        "127.0393878",
        "127.0393469",
        "127.0393332",
        "127.0393331",
        "127.0393330",
        "127.0393463",
        "127.0394076",
        "127.0395103",
        "127.0395248",
        "127.0395493",
        "127.0397250",
        "127.0397829",
        "127.0399161",
        "127.0399861",
        "127.0400941",
        "127.0401075",
        "127.0401241",
        "127.0401520",
        "127.0403694",
        "127.0404161",
        "127.0405406",
        "127.0406241",
        "127.0407132",
        "127.0407666",
        "127.0407989",
        "127.0408666",
        "127.0409107",
        "127.0409718"
      ]
    },
    {
      "x": 127.0409718,
      "y": 37.5276132,
      "direction": "23.5",
      "description": "MC Tobacco에서 횡단보도 건너기",
      "distance": 36,
      "duration": 33,
      "pathLength": 3,
      "pathX": ["37.5276132", "37.5277135", "37.5279157"],
      "pathY": ["127.0409718", "127.0410165", "127.0410967"]
    },
    {
      "x": 127.0410967,
      "y": 37.5279157,
      "direction": "68.6",
      "description": "오른쪽 방향",
      "distance": 52,
      "duration": 47,
      "pathLength": 3,
      "pathX": ["37.5279157", "37.5278303", "37.5277574"],
      "pathY": ["127.0410967", "127.0413915", "127.0416444"]
    },
    {
      "x": 127.0416444,
      "y": 37.5277574,
      "direction": "-74.1",
      "description": "왼쪽 방향",
      "distance": 7,
      "duration": 7,
      "pathLength": 2,
      "pathX": ["37.5277574", "37.5278161"],
      "pathY": ["127.0416444", "127.0416689"]
    },
    {
      "x": 127.0416689,
      "y": 37.5278161,
      "direction": 90,
      "description": "갤러리백화점 내부통행를 이용",
      "distance": 8,