{
  "summary": { "departureTime": "14:49:12", "arrivalTime": "15:31:52", "duration": 42 },
  "route": [
    {
      "type": "WALKING",
      "0": {
        "x": 127.0099353,
        "y": 37.5044823,
        "direction": -88.84424411132653,
        "description": null,
        "distance": 0,
        "duration": 0,
        "pathLength": 0,
        "pathX": [],
        "pathY": []
      },
      "1": {
        "x": 127.0099387,
        "y": 37.5044824,
        "direction": -88.79060207834782,
        "description": "현대자동차 반포지점까지 직진",
        "distance": 30,
        "duration": 27,
        "pathLength": 5,
        "pathX": ["37.5044824", "37.5044880", "37.5044830", "37.5044635", "37.5044296"],
        "pathY": ["127.0099387", "127.0100055", "127.0101050", "127.0101798", "127.0102581"]
      },
      "2": {
        "x": 127.0102581,
        "y": 37.5044296,
        "direction": -64.5751255259879,
        "description": "현대자동차 반포지점에서 오른쪽 방향",
        "distance": 202,
        "duration": 182,
        "pathLength": 8,
        "pathX": [
          "37.5044296",
          "37.5043382",
          "37.5042574",
          "37.5042107",
          "37.5034804",
          "37.5031107",
          "37.5028831",
          "37.5028076"
        ],
        "pathY": [
          "127.0102581",
          "127.0103968",
          "127.0104720",
          "127.0105051",
          "127.0108889",
          "127.0110746",
          "127.0111971",
          "127.0112361"
        ]
      },
      "3": {
        "x": 127.0112361,
        "y": 37.5028076,
        "direction": 72.6170750798567,
        "description": "올리브영 삼호가든사거리점에서 횡단보도 건너기",
        "distance": 31,
        "duration": 28,
        "pathLength": 3,
        "pathX": ["37.5028076", "37.5028606", "37.5029108"],
        "pathY": ["127.0112361", "127.0114054", "127.0115601"]
      },
      "4": {
        "x": 127.0115578,
        "y": 37.5029135,
        "direction": 71.01138693496578,
        "description": null,
        "distance": 0,
        "duration": 0,
        "pathLength": 0,
        "pathX": [],
        "pathY": []
      }
    },
    {
      "type": "BUS",
      "description": "버스 승차",
      "distance": 777,
      "duration": 5,
      "busNumber": "서초01",
      "busColor": "#87C700",
      "busCongestion": "정보없음",
      "remainingTime": 154,
      "pathLength": 10,
      "pathX": [
        127.0115814,
        127.0107727,
        127.0104218,
        127.01017,
        127.01017,
        127.0094147,
        127.0090332,
        127.0089569,
        127.00811,
        127.00811
      ],
      "pathY": [
        37.5029259,
        37.5043602,
        37.5052299,
        37.5057602,
        37.5057602,
        37.5072517,
        37.5075989,
        37.5077591,
        37.5093307,
        37.5093307
      ],
      "stationLength": 3,
      "station": [
        { "id": 206759, "name": "삼호가든사거리.반포도서관" },
        { "id": 124899, "name": "반포자이아파트" },
        { "id": 124622, "name": "뉴코아백화점" }
      ]
    },
    {
      "type": "WALKING",
      "0": {
        "x": 127.0080911,
        "y": 37.5093213,
        "direction": -27.33464969257435,
        "description": null,
        "distance": 0,
        "duration": 0,
        "pathLength": 0,
        "pathX": [],
        "pathY": []
      },
      "1": {
        "x": 127.0080922,
        "y": 37.5093213,
        "direction": -27.707065116754436,
        "description": "직진",
        "distance": 29,
        "duration": 27,
        "pathLength": 2,
        "pathX": ["37.5093213", "37.5095578"],
        "pathY": ["127.0080922", "127.0079685"]
      },
      "2": {
        "x": 127.0079662,
        "y": 37.5095578,
        "direction": -27.916913053982633,
        "description": null,
        "distance": 0,
        "duration": 0,
        "pathLength": 0,
        "pathX": [],
        "pathY": []
      }
    },
    {
      "type": "BUS",
      "description": "버스 승차",
      "distance": 3955,
      "duration": 20,
      "busNumber": "4318",
      "busColor": "#3cc344",
      "busCongestion": "여유",
      "remainingTime": 81,
      "pathLength": 32,
      "pathX": [
        127.0079803,
        127.0062866,
        127.0062943,
        127.0069427,
        127.0069427,
        127.0083923,
        127.0100784,
        127.0100784,
        127.0117874,
        127.0122604,
        127.0126877,
        127.013176,
        127.013855,
        127.013855,
        127.0204697,
        127.0204697,
        127.0252151,
        127.0252151,
        127.0285339,
        127.0311203,
        127.0311203,
        127.0317459,
        127.0323105,
        127.0329056,
        127.0334244,
        127.0341721,
        127.0346298,
        127.0353775,
        127.0359497,
        127.0359497,
        127.0392303,
        127.0392303
      ],
      "pathY": [
        37.5095634,
        37.5127487,
        37.5128021,
        37.5134735,
        37.5134735,
        37.5149345,
        37.5165558,
        37.5165558,
        37.5182343,
        37.5186348,
        37.5189552,
        37.5192757,
        37.5196228,
        37.5196228,
        37.5229836,
        37.5229836,
        37.5253754,
        37.5253754,
        37.5270691,
        37.5283356,
        37.5283356,
        37.5285835,
        37.5287399,
        37.5288696,
        37.5289459,
        37.5289917,
        37.5289917,
        37.5289268,
        37.5288239,
        37.5288239,
        37.5280037,
        37.5280037
      ],
      "stationLength": 9,
      "station": [
        { "id": 105367, "name": "신반포자이아파트" },
        { "id": 105338, "name": "잠원성당" },
        { "id": 105423, "name": "잠원한신아파트" },
        { "id": 105615, "name": "신반포18차아파트" },
        { "id": 105895, "name": "신사중학교" },
        { "id": 106132, "name": "광림교회.현대고등학교" },
        { "id": 106377, "name": "현대아파트" },
        { "id": 106580, "name": "압구정파출소" },
        { "id": 106730, "name": "한양아파트.압구정로데오역" }
      ]
    },
    {
      "type": "WALKING",
      "0": {
        "x": 127.0392389,
        "y": 37.5280247,
        "direction": -74.8894885397925,
        "description": null,
        "distance": 0,
        "duration": 0,
        "pathLength": 0,
        "pathX": [],
        "pathY": []
      },
      "1": {
        "x": 127.0392389,
        "y": 37.5280247,
        "direction": -74.8894885397925,
        "description": "압구정로데오역까지 직진",
        "distance": 89,
        "duration": 81,
        "pathLength": 4,
        "pathX": ["37.5280247", "37.5279217", "37.5278746", "37.5277824"],
        "pathY": ["127.0392389", "127.0396243", "127.0397943", "127.0401888"]
      },
      "2": {
        "x": 127.0401888,
        "y": 37.5277824,
        "direction": -68.93569589991384,
        "description": "압구정로데오역 6번 출구로 들어가서 압구정로데오역 2번 출구",
        "distance": 145,
        "duration": 131,
        "pathLength": 10,
        "pathX": [
          "37.5277824",
          "37.5277545",
          "37.5277102",
          "37.5278880",
          "37.5278241",
          "37.5277886",
          "37.5277575",
          "37.5279525",
          "37.5278636",
          "37.5278303"
        ],
        "pathY": [
          "127.0401888",
          "127.0402161",
          "127.0403963",
          "127.0404631",
          "127.0407136",
          "127.0408553",
          "127.0409800",
          "127.0410524",
          "127.0413664",
          "127.0413915"
        ]
      },
      "3": {
        "x": 127.0413915,
        "y": 37.5278303,
        "direction": -73.68160731565864,
        "description": "직진",
        "distance": 24,
        "duration": 22,
        "pathLength": 2,
        "pathX": ["37.5278303", "37.5277574"],
        "pathY": ["127.0413915", "127.0416444"]
      },
      "4": {
        "x": 127.0416444,
        "y": 37.5277574,
        "direction": -74.05902438636191,
        "description": "왼쪽 방향",
        "distance": 7,
        "duration": 7,
        "pathLength": 2,
        "pathX": ["37.5277574", "37.5278161"],